Model,Geospatial Values,Source Values,Task Values,Time Ranges
GPT-3.5 Turbo,0.6,0.7,0.6333333333333333,0.9
GPT-4,0.8333333333333334,0.9,0.7333333333333333,1.0
